SALE.TYPE,SOLD.DATE,PROPERTY.TYPE,PRICE,BEDS,BATHS,SQUARE.FEET,LOT.SIZE,YEAR.BUILT,HOA.MONTH,STATUS,NEXT.OPEN.HOUSE.START.TIME,NEXT.OPEN.HOUSE.END.TIME,URL,SOURCE,MLS.,FAVORITE,INTERESTED,LIST.DATE
PAST SALE,September-29-2017,propertytype:Condo/Co-op,USD280000,2,1.0,1055,NA,1964,584,Sold,NA,NA,http://www.redfin.com/VA/Arlington/1830-Columbia-Pike-22204/unit-205/home/11272669,MRIS,AR9928984,N,Y,"Tuesday- Sep 26, 2017"
PAST SALE,September-6-2017,propertytype:Condo/Co-op,USD405000,2,2.0,1030,NA,1966,392,Sold,NA,NA,http://www.redfin.com/VA/Arlington/4139-S-Four-Mile-Run-Dr-22204/unit-204/home/21971541,MRIS,AR10019137,N,Y,"Friday- Aug 11, 2017"
PAST SALE,September-19-2017,propertytype:Condo/Co-op,USD510000,2,2.0,1209,NA,2006,551,Sold,NA,NA,http://www.redfin.com/VA/Arlington/3600-S-Glebe-Rd-22202/unit-432W/home/12042691,MRIS,AR9926090,N,Y,"Wednesday- Sep 06, 2017"
PAST SALE,September-29-2017,propertytype:Condo/Co-op,USD395000,2,2.0,1135,NA,1966,445,Sold,NA,NA,http://www.redfin.com/VA/Arlington/4141-S-Four-Mile-Run-Dr-22204/unit-103/home/23385384,MRIS,AR10037560,N,Y,"Tuesday- Sep 26, 2017"
PAST SALE,September-25-2017,propertytype:Condo/Co-op,USD339900,2,1.0,930,NA,1983,345,Sold,NA,NA,http://www.redfin.com/VA/Arlington/2909-S-Woodley-St-22206/unit-116-13/home/11267504,MRIS,AR10037567,N,Y,"Monday- Sep 18, 2017"
PAST SALE,September-12-2017,propertytype:Condo/Co-op,USD415000,2,2.5,1606,NA,1976,911,Sold,NA,NA,http://www.redfin.com/VA/Arlington/1101-S-Arlington-Ridge-Rd-22202/unit-106/home/11274704,MRIS,AR9812459,N,Y,"Wednesday- Aug 23, 2017"
PAST SALE,September-7-2017,propertytype:Condo/Co-op,USD319000,2,1.0,800,NA,1950,300,Sold,NA,NA,http://www.redfin.com/VA/Arlington/2831-S-Wakefield-St-22206/unit-D/home/11267147,MRIS,AR10012918,N,Y,"Sunday- Aug 13, 2017"
PAST SALE,September-8-2017,propertytype:Condo/Co-op,USD505000,2,2.0,1164,NA,2006,505,Sold,NA,NA,http://www.redfin.com/VA/Arlington/3600-S-Glebe-Rd-22202/unit-317W/home/12042626,MRIS,AR9932245,N,Y,"Tuesday- Aug 15, 2017"
PAST SALE,September-15-2017,propertytype:Condo/Co-op,USD357500,2,2.0,1253,NA,1965,754,Sold,NA,NA,http://www.redfin.com/VA/Arlington/1300-Army-Navy-Dr-22202/unit-509/home/11275106,MRIS,AR9992144,N,Y,"Tuesday- Aug 29, 2017"
PAST SALE,September-15-2017,propertytype:Condo/Co-op,USD570000,2,2.0,1009,NA,1998,552,Sold,NA,NA,http://www.redfin.com/VA/Arlington/901-N-Monroe-St-22201/unit-1008/home/11278119,MRIS,AR10004072,N,Y,"Tuesday- Aug 29, 2017"
PAST SALE,September-22-2017,propertytype:Condo/Co-op,USD310000,2,2.0,1152,NA,2005,560,Sold,NA,NA,http://www.redfin.com/VA/Arlington/4500-S-Four-Mile-Run-Dr-22204/unit-514/home/11281906,MRIS,AR10013805,N,Y,"Tuesday- Sep 12, 2017"
PAST SALE,September-22-2017,propertytype:Condo/Co-op,USD312500,1,1.0,851,NA,1973,549,Sold,NA,NA,http://www.redfin.com/VA/Arlington/4141-N-Henderson-Rd-22203/unit-804/home/11257352,MRIS,AR10014359,N,Y,"Tuesday- Sep 12, 2017"
PAST SALE,September-22-2017,propertytype:Townhouse,USD464000,2,2.5,1296,NA,1981,358,Sold,NA,NA,http://www.redfin.com/VA/Arlington/2119-N-Monroe-St-22207/unit-3/home/11233188,MRIS,AR10024098,N,Y,"Tuesday- Sep 12, 2017"
PAST SALE,September-13-2017,propertytype:Condo/Co-op,USD1700000,2,2.5,1922,NA,2012,605,Sold,NA,NA,http://www.redfin.com/VA/Arlington/1700-N-Clarendon-Blvd-22209/unit-117/home/49797926,MRIS,AR9983747,N,Y,"Friday- Aug 25, 2017"
PAST SALE,September-15-2017,propertytype:Single Family Residential,USD613000,2,1.0,1652,3572,1937,NA,Sold,NA,NA,http://www.redfin.com/VA/Arlington/4020-20th-St-N-22207/home/11233933,MRIS,AR9989911,N,Y,"Tuesday- Aug 29, 2017"
PAST SALE,,propertytype:Condo/Co-op,USD365000,2,1.0,796,NA,1987,NA,,NA,NA,http://www.redfin.com/VA/Arlington/2050-N-Calvert-St-22201/unit-408/home/11279735,,,N,Y,NA
PAST SALE,September-14-2017,propertytype:Condo/Co-op,USD200000,0,1.0,480,NA,1964,362,Sold,NA,NA,http://www.redfin.com/VA/Arlington/2030-N-Adams-St-22201/unit-1210/home/11247033,MRIS,AR10016081,N,Y,"Sunday- Aug 27, 2017"
PAST SALE,September-7-2017,propertytype:Condo/Co-op,USD325000,0,1.0,532,NA,2006,323,Sold,NA,NA,http://www.redfin.com/VA/Arlington/2001-15th-St-N-22201/unit-413/home/12041203,MRIS,AR9956988,N,Y,"Sunday- Aug 13, 2017"
PAST SALE,September-12-2017,propertytype:Townhouse,USD295000,1,1.0,840,NA,1939,328,Sold,NA,NA,http://www.redfin.com/VA/Arlington/1110-S-Barton-St-22204/unit-309/home/11272883,MRIS,AR9994260,N,Y,"Wednesday- Aug 23, 2017"
PAST SALE,September-22-2017,propertytype:Condo/Co-op,USD460000,1,1.0,738,NA,2007,349,Sold,NA,NA,http://www.redfin.com/VA/Arlington/1020-N-Highland-St-22201/unit-707/home/16897789,MRIS,AR10029443,N,Y,"Tuesday- Sep 12, 2017"
PAST SALE,September-15-2017,propertytype:Condo/Co-op,USD349000,2,1.0,904,NA,1959,530,Sold,NA,NA,http://www.redfin.com/VA/Arlington/3000-Spout-Run-Pkwy-22201/unit-B601/home/11247275,MRIS,AR10003815,N,Y,"Tuesday- Aug 29, 2017"
PAST SALE,,propertytype:Condo/Co-op,USD874900,2,2.5,1800,NA,2010,NA,,NA,NA,http://www.redfin.com/VA/Arlington/1811-14th-St-N-22209/unit-103/home/28681872,,,N,Y,NA
PAST SALE,September-18-2017,propertytype:Condo/Co-op,USD280000,2,1.5,962,NA,1964,726,Sold,NA,NA,http://www.redfin.com/VA/Arlington/2030-N-Adams-St-22201/unit-606/home/11246960,MRIS,AR10030734,N,Y,"Monday- Sep 04, 2017"
PAST SALE,September-15-2017,propertytype:Townhouse,USD370000,2,1.0,1103,NA,1979,50,Sold,NA,NA,http://www.redfin.com/VA/Arlington/3121-17th-St-S-22204/home/11273756,MRIS,AR10029790,N,Y,"Tuesday- Aug 29, 2017"
PAST SALE,,propertytype:Condo/Co-op,USD385000,1,1.0,935,NA,1987,NA,,NA,NA,http://www.redfin.com/VA/Arlington/1600-N-Oak-St-22209/unit-728/home/11251057,,,N,Y,NA
PAST SALE,,propertytype:Condo/Co-op,USD380000,1,1.0,818,NA,2006,NA,,NA,NA,http://www.redfin.com/VA/Arlington/2720-S-Arlington-Mill-Dr-22206/unit-306/home/12042353,,,N,Y,NA
PAST SALE,September-22-2017,propertytype:Condo/Co-op,USD228000,1,1.0,826,NA,1990,400,Sold,NA,NA,http://www.redfin.com/VA/Alexandria/3313-Wyndham-Cir-22302/unit-4205/home/11876786,MRIS,AX9987264,N,Y,"Tuesday- Sep 12, 2017"
PAST SALE,September-8-2017,propertytype:Townhouse,USD388000,2,2.0,1383,NA,1944,387,Sold,NA,NA,http://www.redfin.com/VA/Arlington/4805-28th-St-S-22206/home/11267825,MRIS,AR9922995,N,Y,"Tuesday- Aug 15, 2017"
PAST SALE,September-15-2017,propertytype:Condo/Co-op,USD315000,2,1.0,810,NA,1950,287,Sold,NA,NA,http://www.redfin.com/VA/Arlington/4646-28th-Rd-S-22206/unit-A/home/11267036,MRIS,AR10022166,N,Y,"Tuesday- Aug 29, 2017"
PAST SALE,September-22-2017,propertytype:Condo/Co-op,USD382000,2,1.0,912,NA,1983,335,Sold,NA,NA,http://www.redfin.com/VA/Arlington/2600-S-Arlington-Mill-Dr-22206/unit-C/home/142975846,MRIS,AR10012478,N,Y,"Tuesday- Sep 12, 2017"
PAST SALE,September-21-2017,propertytype:Townhouse,USD415000,1,2.0,1400,NA,1940,320,Sold,NA,NA,http://www.redfin.com/VA/Arlington/4323-35th-St-S-22206/home/11270394,MRIS,AR9998251,N,Y,"Sunday- Sep 10, 2017"
PAST SALE,September-15-2017,propertytype:Condo/Co-op,USD320000,1,1.0,669,NA,2006,323,Sold,NA,NA,http://www.redfin.com/VA/Arlington/3650-S-Glebe-Rd-22202/unit-148/home/16896939,MRIS,AR10029270,N,Y,"Tuesday- Aug 29, 2017"
PAST SALE,September-15-2017,propertytype:Condo/Co-op,USD527500,2,1.5,1232,NA,1979,395,Sold,NA,NA,http://www.redfin.com/VA/Arlington/706-15th-St-S-22202/unit-5-E-1/home/11275537,MRIS,AR9990339,N,Y,"Tuesday- Aug 29, 2017"
PAST SALE,September-19-2017,propertytype:Townhouse,USD420000,2,2.0,2030,NA,1944,426,Sold,NA,NA,http://www.redfin.com/VA/Arlington/2873-S-Abingdon-St-22206/unit-B1/home/11266819,MRIS,AR10038577,N,Y,"Wednesday- Sep 06, 2017"
PAST SALE,,propertytype:Condo/Co-op,USD385000,1,2.0,1490,NA,1940,NA,,NA,NA,http://www.redfin.com/VA/Arlington/4437-36th-St-S-22206/unit-A1/home/11269816,,,N,Y,NA
PAST SALE,,propertytype:Condo/Co-op,USD100000,1,1.0,633,NA,1967,NA,,NA,NA,http://www.redfin.com/VA/Arlington/3404-25th-St-S-22206/unit-41/home/11272309,,,N,Y,NA
PAST SALE,September-13-2017,propertytype:Condo/Co-op,USD402500,1,1.0,872,NA,2006,371,Sold,NA,NA,http://www.redfin.com/VA/Arlington/2200-N-Westmoreland-St-22213/unit-231/home/143216439,MRIS,AR10029873,N,Y,"Friday- Aug 25, 2017"
PAST SALE,September-13-2017,propertytype:Condo/Co-op,USD522000,2,2.0,1186,NA,2005,562,Sold,NA,NA,http://www.redfin.com/VA/Arlington/1001-N-Vermont-St-22201/unit-607/home/11280175,MRIS,AR10002235,N,Y,"Friday- Aug 25, 2017"
PAST SALE,,propertytype:Condo/Co-op,USD205000,2,2.0,960,NA,1992,NA,,NA,NA,http://www.redfin.com/VA/Arlington/900-N-Taylor-St-22203/unit-1627/home/11246661,,,N,Y,NA
PAST SALE,September-11-2017,propertytype:Condo/Co-op,USD485000,1,1.0,839,NA,2005,330,Sold,NA,NA,http://www.redfin.com/VA/Arlington/1021-N-Garfield-St-22201/unit-429/home/11281285,MRIS,AR9978007,N,Y,"Monday- Aug 21, 2017"
PAST SALE,September-8-2017,propertytype:Condo/Co-op,USD510000,2,2.0,1040,NA,2000,502,Sold,NA,NA,http://www.redfin.com/VA/Arlington/880-N-Pollard-St-22203/unit-925/home/11280667,MRIS,AR9952211,N,Y,"Tuesday- Aug 15, 2017"
PAST SALE,September-13-2017,propertytype:Condo/Co-op,USD335000,2,1.0,935,NA,1983,335,Sold,NA,NA,http://www.redfin.com/VA/Arlington/2429-S-Walter-Reed-Dr-22206/unit-17-9/home/11267687,MRIS,AR10014298,N,Y,"Friday- Aug 25, 2017"
PAST SALE,September-5-2017,propertytype:Condo/Co-op,USD280000,2,1.5,1000,NA,1963,588,Sold,NA,NA,http://www.redfin.com/VA/Arlington/4343-Lee-Hwy-22207/unit-305/home/11233382,MRIS,AR9934507,N,Y,"Wednesday- Aug 09, 2017"
PAST SALE,September-20-2017,propertytype:Townhouse,USD740000,2,3.5,2257,1618,1982,155,Sold,NA,NA,http://www.redfin.com/VA/Arlington/1015-N-George-Mason-Dr-22205/home/11235861,MRIS,AR9998460,N,Y,"Friday- Sep 08, 2017"
PAST SALE,September-22-2017,propertytype:Condo/Co-op,USD105000,1,1.0,887,NA,1992,310,Sold,NA,NA,http://www.redfin.com/VA/Arlington/900-N-Taylor-St-22203/unit-1431/home/11246623,MRIS,AR9821741,N,Y,"Tuesday- Sep 12, 2017"
PAST SALE,,propertytype:Condo/Co-op,USD402500,1,1.0,872,NA,2006,NA,,NA,NA,http://www.redfin.com/VA/Arlington/2200-N-Westmoreland-St-22213/unit-231/home/12040687,,,N,Y,NA
PAST SALE,September-6-2017,propertytype:Townhouse,USD610000,2,2.0,1400,620,1984,100,Sold,NA,NA,http://www.redfin.com/VA/Arlington/1109-N-Vernon-St-22201/home/11244216,MRIS,AR10015880,N,Y,"Friday- Aug 11, 2017"
PAST SALE,September-14-2017,propertytype:Condo/Co-op,USD225000,1,1.0,690,NA,1965,474,Sold,NA,NA,http://www.redfin.com/VA/Arlington/4201-Lee-Hwy-22207/unit-704/home/11233485,MRIS,AR9983011,N,Y,"Sunday- Aug 27, 2017"
PAST SALE,September-22-2017,propertytype:Condo/Co-op,USD542000,2,2.0,1166,NA,2006,425,Sold,NA,NA,http://www.redfin.com/VA/Arlington/2200-N-Westmoreland-St-22213/unit-417/home/12040737,MRIS,AR10035710,N,Y,"Tuesday- Sep 12, 2017"
PAST SALE,September-22-2017,propertytype:Condo/Co-op,USD97000,1,1.0,634,NA,1992,219,Sold,NA,NA,http://www.redfin.com/VA/Arlington/900-N-Taylor-St-22203/unit-1609/home/11246649,MRIS,AR9835714,N,Y,"Tuesday- Sep 12, 2017"
PAST SALE,September-21-2017,propertytype:Condo/Co-op,USD210000,1,1.0,809,NA,1965,584,Sold,NA,NA,http://www.redfin.com/VA/Arlington/4201-Lee-Hwy-22207/unit-803/home/11233494,MRIS,AR10016108,N,Y,"Sunday- Sep 10, 2017"
PAST SALE,,propertytype:Single Family Residential,USD515000,2,1.5,1158,9438,1947,NA,,NA,NA,http://www.redfin.com/VA/Arlington/5220-11th-St-S-22204/home/11265151,,,N,Y,NA
PAST SALE,September-13-2017,propertytype:Single Family Residential,USD600000,2,2.0,1058,6200,1953,NA,Sold,NA,NA,http://www.redfin.com/VA/Arlington/5933-1st-St-N-22203/home/11241400,MRIS,AR9987969,N,Y,"Friday- Aug 25, 2017"
PAST SALE,September-29-2017,propertytype:Condo/Co-op,USD260000,1,1.0,758,NA,1947,436,Sold,NA,NA,http://www.redfin.com/VA/Arlington/1336-N-Ode-St-22209/unit-3/home/11251962,MRIS,AR9924134,N,Y,"Tuesday- Sep 26, 2017"
PAST SALE,September-6-2017,propertytype:Condo/Co-op,USD340000,1,1.0,721,NA,1987,491,Sold,NA,NA,http://www.redfin.com/VA/Arlington/2100-Lee-Hwy-22201/unit-321/home/11249870,MRIS,AR10026661,N,Y,"Friday- Aug 11, 2017"
PAST SALE,September-8-2017,propertytype:Condo/Co-op,USD762000,2,2.0,947,NA,2008,725,Sold,NA,NA,http://www.redfin.com/VA/Arlington/1111-19th-St-N-22209/unit-2001/home/16898372,MRIS,AR9996535,N,Y,"Tuesday- Aug 15, 2017"
PAST SALE,September-22-2017,propertytype:Condo/Co-op,USD139000,0,1.0,383,NA,1955,313,Sold,NA,NA,http://www.redfin.com/VA/Arlington/1021-Arlington-Blvd-22209/unit-1026/home/11254048,MRIS,AR9953400,N,Y,"Tuesday- Sep 12, 2017"
PAST SALE,September-29-2017,propertytype:Condo/Co-op,USD370000,2,2.0,834,NA,2005,320,Sold,NA,NA,http://www.redfin.com/VA/Arlington/231-N-Thomas-St-22203/unit-304/home/11281556,MRIS,AR9972541,N,Y,"Tuesday- Sep 26, 2017"
PAST SALE,September-20-2017,propertytype:Townhouse,USD285000,2,1.0,756,NA,1939,387,Sold,NA,NA,http://www.redfin.com/VA/Arlington/2600-16th-St-S-22204/unit-714/home/11273051,MRIS,AR9938409,N,Y,"Friday- Sep 08, 2017"
PAST SALE,,propertytype:Townhouse,USD452000,2,2.5,1315,NA,1984,NA,,NA,NA,http://www.redfin.com/VA/Arlington/4923-7th-Rd-S-22204/home/11259602,,,N,Y,NA
PAST SALE,September-19-2017,propertytype:Condo/Co-op,USD430000,1,1.0,781,NA,2006,370,Sold,NA,NA,http://www.redfin.com/VA/Arlington/820-N-Pollard-St-22203/unit-515/home/12040926,MRIS,AR10011387,N,Y,"Wednesday- Sep 06, 2017"
PAST SALE,September-29-2017,propertytype:Condo/Co-op,USD250000,1,1.0,673,NA,1983,335,Sold,NA,NA,http://www.redfin.com/VA/Arlington/4512-28th-Rd-S-22206/unit-11-13/home/11267788,MRIS,AR9951569,N,Y,"Tuesday- Sep 26, 2017"
PAST SALE,September-29-2017,propertytype:Condo/Co-op,USD330000,2,1.0,875,NA,1950,325,Sold,NA,NA,http://www.redfin.com/VA/Arlington/2657-S-Walter-Reed-Dr-22206/unit-B/home/11268024,MRIS,AR10039876,N,Y,"Tuesday- Sep 26, 2017"
PAST SALE,September-28-2017,propertytype:Townhouse,USD475000,2,2.0,1500,NA,1940,324,Sold,NA,NA,http://www.redfin.com/VA/Arlington/4502-34th-St-S-22206/home/11269930,MRIS,AR10038344,N,Y,"Sunday- Sep 24, 2017"
PAST SALE,September-6-2017,propertytype:Condo/Co-op,USD230000,2,2.0,981,NA,1992,355,Sold,NA,NA,http://www.redfin.com/VA/Arlington/900-N-Taylor-St-22203/unit-1220/home/11246595,MRIS,AR10009989,N,Y,"Friday- Aug 11, 2017"
PAST SALE,September-18-2017,propertytype:Condo/Co-op,USD874900,2,2.5,1800,NA,2010,513,Sold,NA,NA,http://www.redfin.com/VA/Arlington/1811-14th-St-N-22209/unit-C103/home/142516545,MRIS,AR10005568,N,Y,"Monday- Sep 04, 2017"
PAST SALE,September-21-2017,propertytype:Condo/Co-op,USD620000,2,2.0,1242,NA,2006,515,Sold,NA,NA,http://www.redfin.com/VA/Arlington/820-N-Pollard-St-22203/unit-408/home/12040904,MRIS,AR9964951,N,Y,"Sunday- Sep 10, 2017"
PAST SALE,September-21-2017,propertytype:Condo/Co-op,USD622500,2,2.0,965,NA,2005,532,Sold,NA,NA,http://www.redfin.com/VA/Arlington/1205-N-Garfield-St-22201/unit-405/home/11281042,MRIS,AR9977664,N,Y,"Sunday- Sep 10, 2017"
PAST SALE,September-26-2017,propertytype:Condo/Co-op,USD465000,1,1.0,880,NA,1986,582,Sold,NA,NA,http://www.redfin.com/VA/Arlington/1530-Key-Blvd-22209/unit-411/home/11250437,MRIS,AR10036801,N,Y,"Wednesday- Sep 20, 2017"
PAST SALE,September-27-2017,propertytype:Condo/Co-op,USD360000,1,1.0,721,NA,1987,491,Sold,NA,NA,http://www.redfin.com/VA/Arlington/2100-Lee-Hwy-22201/unit-234/home/11249836,MRIS,AR10022247,N,Y,"Friday- Sep 22, 2017"
PAST SALE,September-18-2017,propertytype:Condo/Co-op,USD430000,2,2.0,1100,NA,1987,662,Sold,NA,NA,http://www.redfin.com/VA/Arlington/2100-Lee-Hwy-22201/unit-517/home/11249964,MRIS,AR10031252,N,Y,"Monday- Sep 04, 2017"
PAST SALE,September-22-2017,propertytype:Condo/Co-op,USD197000,2,1.0,835,NA,1947,564,Sold,NA,NA,http://www.redfin.com/VA/Arlington/5005-10th-St-S-22204/unit-6/home/11265107,MRIS,AR10028176,N,Y,"Tuesday- Sep 12, 2017"
PAST SALE,September-22-2017,propertytype:Condo/Co-op,USD402500,1,2.0,1528,NA,1944,399,Sold,NA,NA,http://www.redfin.com/VA/Arlington/2930-S-Buchanan-St-22206/unit-A2/home/11268789,MRIS,AR10030495,N,Y,"Tuesday- Sep 12, 2017"
PAST SALE,September-6-2017,propertytype:Condo/Co-op,USD108000,1,1.0,789,NA,1961,539,Sold,NA,NA,http://www.redfin.com/VA/Arlington/5101-8th-Rd-S-22204/unit-414/home/11259174,MRIS,AR9959205,N,Y,"Friday- Aug 11, 2017"
PAST SALE,September-18-2017,propertytype:Condo/Co-op,USD186000,2,1.0,763,NA,1948,471,Sold,NA,NA,http://www.redfin.com/VA/Arlington/5224-8th-Rd-S-22204/unit-3/home/11281671,MRIS,AR9996277,N,Y,"Monday- Sep 04, 2017"
PAST SALE,September-28-2017,propertytype:Condo/Co-op,USD257000,2,1.5,1063,NA,1969,497,Sold,NA,NA,http://www.redfin.com/VA/Arlington/5001-7th-Rd-S-22204/unit-202/home/11259552,MRIS,AR10041417,N,Y,"Sunday- Sep 24, 2017"
PAST SALE,September-27-2017,propertytype:Condo/Co-op,USD172500,0,1.0,489,NA,1980,305,Sold,NA,NA,http://www.redfin.com/VA/Alexandria/1225-Martha-Custis-Dr-22302/unit-1502/home/11863235,MRIS,AX10037568,N,Y,"Friday- Sep 22, 2017"
PAST SALE,September-29-2017,propertytype:Condo/Co-op,USD350000,2,1.0,1121,NA,1944,340,Sold,NA,NA,http://www.redfin.com/VA/Arlington/3079-S-Buchanan-St-22206/unit-B1/home/11269200,MRIS,AR10039464,N,Y,"Tuesday- Sep 26, 2017"
PAST SALE,September-18-2017,propertytype:Condo/Co-op,USD387500,2,2.0,1490,NA,1940,288,Sold,NA,NA,http://www.redfin.com/VA/Arlington/3346-S-Wakefield-St-22206/unit-A2/home/11269452,MRIS,AR9933384,N,Y,"Monday- Sep 04, 2017"
PAST SALE,September-7-2017,propertytype:Condo/Co-op,USD222000,1,1.0,815,NA,1980,508,Sold,NA,NA,http://www.redfin.com/VA/Alexandria/1225-Martha-Custis-Dr-22302/unit-1612/home/11863265,MRIS,AX10040306,N,Y,"Sunday- Aug 13, 2017"
PAST SALE,September-8-2017,propertytype:Single Family Residential,USD490000,2,2.0,870,5937,1951,NA,Sold,NA,NA,http://www.redfin.com/VA/Arlington/2015-S-Oakland-St-22204/home/11271663,MRIS,AR9938293,N,Y,"Tuesday- Aug 15, 2017"
PAST SALE,September-5-2017,propertytype:Condo/Co-op,USD550000,2,2.0,1166,NA,2006,430,Sold,NA,NA,http://www.redfin.com/VA/Arlington/2200-N-Westmoreland-St-22213/unit-317/home/12040705,MRIS,AR10029566,N,Y,"Wednesday- Aug 09, 2017"
PAST SALE,September-15-2017,propertytype:Condo/Co-op,USD233000,2,2.0,1067,NA,1972,662,Sold,NA,NA,http://www.redfin.com/VA/Falls-Church/3101-S-Manchester-St-22044/unit-516/home/9570397,MRIS,FX10009871,N,Y,"Tuesday- Aug 29, 2017"
PAST SALE,September-21-2017,propertytype:Townhouse,USD635000,2,2.0,864,2629,1938,NA,Sold,NA,NA,http://www.redfin.com/VA/Arlington/1061-N-Nelson-St-22201/home/11245258,MRIS,AR10035458,N,Y,"Sunday- Sep 10, 2017"
PAST SALE,September-18-2017,propertytype:Condo/Co-op,USD255000,1,1.0,579,NA,1973,374,Sold,NA,NA,http://www.redfin.com/VA/Arlington/4141-N-Henderson-Rd-22203/unit-920/home/11257396,MRIS,AR10010074,N,Y,"Monday- Sep 04, 2017"
PAST SALE,September-7-2017,propertytype:Condo/Co-op,USD649608,2,2.0,998,NA,2005,522,Sold,NA,NA,http://www.redfin.com/VA/Arlington/1205-N-Garfield-St-22201/unit-608/home/11281067,MRIS,AR9975012,N,Y,"Sunday- Aug 13, 2017"
PAST SALE,September-27-2017,propertytype:Condo/Co-op,USD158500,1,1.0,785,NA,1970,487,Sold,NA,NA,http://www.redfin.com/VA/Falls-Church/6001-Arlington-Blvd-22044/unit-914/home/9569127,MRIS,FX9998149,N,Y,"Friday- Sep 22, 2017"
PAST SALE,September-8-2017,propertytype:Condo/Co-op,USD145000,1,1.0,514,NA,1955,352,Sold,NA,NA,http://www.redfin.com/VA/Arlington/1121-Arlington-Blvd-22209/unit-604/home/113532210,MRIS,AR9895773,N,Y,"Tuesday- Aug 15, 2017"
PAST SALE,,propertytype:Condo/Co-op,USD837400,2,2.0,1175,NA,2008,NA,,NA,NA,http://www.redfin.com/VA/Arlington/1111-19th-St-N-22209/unit-2008/home/16898366,,,N,Y,NA
PAST SALE,September-20-2017,propertytype:Condo/Co-op,USD1380000,2,2.5,2068,NA,2002,1643,Sold,NA,NA,http://www.redfin.com/VA/Arlington/1201-N-Nash-St-22209/unit-402/home/11279041,MRIS,AR10056002,N,Y,"Friday- Sep 08, 2017"
PAST SALE,September-11-2017,propertytype:Condo/Co-op,USD234000,1,1.0,684,NA,1958,509,Sold,NA,NA,http://www.redfin.com/VA/Arlington/1300-S-Arlington-Ridge-Rd-22202/unit-609/home/11275454,MRIS,AR9990705,N,Y,"Monday- Aug 21, 2017"
PAST SALE,September-29-2017,propertytype:Condo/Co-op,USD610000,2,2.0,1338,NA,1984,996,Sold,NA,NA,http://www.redfin.com/VA/Arlington/1805-Crystal-Dr-22202/unit-908S/home/11274185,MRIS,AR9988932,N,Y,"Tuesday- Sep 26, 2017"
PAST SALE,September-7-2017,propertytype:Condo/Co-op,USD330000,1,1.0,676,NA,1984,498,Sold,NA,NA,http://www.redfin.com/VA/Arlington/1805-Crystal-Dr-22202/unit-803S/home/11274162,MRIS,AR9951248,N,Y,"Sunday- Aug 13, 2017"
PAST SALE,September-15-2017,propertytype:Condo/Co-op,USD175000,1,1.0,643,NA,1980,401,Sold,NA,NA,http://www.redfin.com/VA/Alexandria/1225-Martha-Custis-Dr-22302/unit-415/home/11863047,MRIS,AX10005804,N,Y,"Tuesday- Aug 29, 2017"
PAST SALE,September-15-2017,propertytype:Condo/Co-op,USD264900,1,1.0,711,NA,1944,330,Sold,NA,NA,http://www.redfin.com/VA/Arlington/4724-29th-St-S-22206/unit-C2/home/11268595,MRIS,AR9970497,N,Y,"Tuesday- Aug 29, 2017"
PAST SALE,September-19-2017,propertytype:Condo/Co-op,USD385000,2,2.0,1078,NA,1982,375,Sold,NA,NA,http://www.redfin.com/VA/Arlington/2819-S-Woodrow-St-22206/unit-E/home/143204072,MRIS,AR10029196,N,Y,"Wednesday- Sep 06, 2017"
PAST SALE,September-21-2017,propertytype:Townhouse,USD580000,2,3.5,1836,NA,1979,440,Sold,NA,NA,http://www.redfin.com/VA/Arlington/2420-S-Walter-Reed-Dr-22206/unit-1/home/81825643,MRIS,AR10035744,N,Y,"Sunday- Sep 10, 2017"
PAST SALE,September-21-2017,propertytype:Townhouse,USD495000,2,2.0,1500,NA,1940,410,Sold,NA,NA,http://www.redfin.com/VA/Arlington/4225-32nd-Rd-S-22206/unit-275/home/11269666,MRIS,AR10021644,N,Y,"Sunday- Sep 10, 2017"
PAST SALE,September-21-2017,propertytype:Single Family Residential,USD450000,2,1.0,828,6031,1957,NA,Sold,NA,NA,http://www.redfin.com/VA/Arlington/813-S-Quincy-St-22204/home/11261281,MRIS,AR10025309,N,Y,"Sunday- Sep 10, 2017"
PAST SALE,September-22-2017,propertytype:Townhouse,USD523000,2,1.5,1232,NA,1979,359,Sold,NA,NA,http://www.redfin.com/VA/Arlington/1605-S-Hayes-St-22202/unit-A/home/143105003,MRIS,AR10024408,N,Y,"Tuesday- Sep 12, 2017"
PAST SALE,September-15-2017,propertytype:Townhouse,USD577000,2,2.5,1152,2553,1940,NA,Sold,NA,NA,http://www.redfin.com/VA/Arlington/3617-1st-Rd-S-22204/home/11262062,MRIS,AR10034300,N,Y,"Tuesday- Aug 29, 2017"
PAST SALE,September-27-2017,propertytype:Townhouse,USD480000,2,2.0,1500,NA,1940,315,Sold,NA,NA,http://www.redfin.com/VA/Arlington/3534-S-Wakefield-St-22206/unit-N-A/home/143304508,MRIS,AR10029145,N,Y,"Friday- Sep 22, 2017"
PAST SALE,September-26-2017,propertytype:Condo/Co-op,USD325000,2,2.0,1150,NA,2005,569,Sold,NA,NA,http://www.redfin.com/VA/Arlington/4500-S-Four-Mile-Run-Dr-22204/unit-926/home/11282054,MRIS,AR9988564,N,Y,"Wednesday- Sep 20, 2017"
PAST SALE,September-28-2017,propertytype:Condo/Co-op,USD25500,1,1.0,642,NA,1943,307,Sold,NA,NA,http://www.redfin.com/VA/Arlington/2513-Arlington-Blvd-22201/unit-101/home/142465308,MRIS,AR10004642,N,Y,"Sunday- Sep 24, 2017"
PAST SALE,September-29-2017,propertytype:Condo/Co-op,USD314900,2,1.0,800,NA,1950,300,Sold,NA,NA,http://www.redfin.com/VA/Arlington/2667-S-Walter-Reed-Dr-22206/unit-D/home/11268045,MRIS,AR10038179,N,Y,"Tuesday- Sep 26, 2017"
PAST SALE,September-29-2017,propertytype:Condo/Co-op,USD350000,1,1.0,669,NA,2007,323,Sold,NA,NA,http://www.redfin.com/VA/Arlington/3650-S-Glebe-Rd-22202/unit-1047/home/16896758,MRIS,AR10033032,N,Y,"Tuesday- Sep 26, 2017"
PAST SALE,,propertytype:Condo/Co-op,USD385000,2,2.0,1078,NA,1982,NA,,NA,NA,http://www.redfin.com/VA/Arlington/2819-S-Woodrow-St-22206/unit-5/home/11266718,,,N,Y,NA
PAST SALE,September-7-2017,propertytype:Condo/Co-op,USD180000,2,1.0,980,NA,1970,608,Sold,NA,NA,http://www.redfin.com/VA/Falls-Church/6001-Arlington-Blvd-22044/unit-T21/home/9568675,MRIS,FX9986584,N,Y,"Sunday- Aug 13, 2017"
PAST SALE,,propertytype:Condo/Co-op,USD225000,2,1.0,966,NA,1958,NA,,NA,NA,http://www.redfin.com/VA/Arlington/3601-5th-St-S-22204/unit-110/home/11260776,,,N,Y,NA
PAST SALE,September-20-2017,propertytype:Condo/Co-op,USD169000,0,1.0,530,NA,1964,294,Sold,NA,NA,http://www.redfin.com/VA/Arlington/1830-Columbia-Pike-22204/unit-509/home/11272721,MRIS,AR10031311,N,Y,"Friday- Sep 08, 2017"
PAST SALE,September-22-2017,propertytype:Townhouse,USD459000,2,2.5,1152,NA,1981,358,Sold,NA,NA,http://www.redfin.com/VA/Arlington/2113-N-Monroe-St-22207/unit-B/home/11233175,MRIS,AR10022999,N,Y,"Tuesday- Sep 12, 2017"
PAST SALE,September-8-2017,propertytype:Condo/Co-op,USD260000,1,1.0,809,NA,1965,584,Sold,NA,NA,http://www.redfin.com/VA/Arlington/4201-Lee-Hwy-22207/unit-605/home/11233476,MRIS,AR9950361,N,Y,"Tuesday- Aug 15, 2017"
PAST SALE,September-21-2017,propertytype:Condo/Co-op,USD390000,1,1.0,754,NA,1995,371,Sold,NA,NA,http://www.redfin.com/VA/Arlington/1050-N-Stuart-St-22201/unit-103/home/11244660,MRIS,AR9952663,N,Y,"Sunday- Sep 10, 2017"
PAST SALE,September-25-2017,propertytype:Condo/Co-op,USD479900,1,1.0,746,NA,2005,330,Sold,NA,NA,http://www.redfin.com/VA/Arlington/1021-N-Garfield-St-22201/unit-702/home/11281401,MRIS,AR10025806,N,Y,"Monday- Sep 18, 2017"
PAST SALE,September-27-2017,propertytype:Condo/Co-op,USD471000,1,1.0,746,NA,2005,330,Sold,NA,NA,http://www.redfin.com/VA/Arlington/1021-N-Garfield-St-22201/unit-446/home/11281302,MRIS,AR10034455,N,Y,"Friday- Sep 22, 2017"
PAST SALE,September-28-2017,propertytype:Condo/Co-op,USD180000,1,1.0,770,NA,1964,426,Sold,NA,NA,http://www.redfin.com/VA/Arlington/1830-Columbia-Pike-22204/unit-503/home/11272715,MRIS,AR10032222,N,Y,"Sunday- Sep 24, 2017"
PAST SALE,September-28-2017,propertytype:Condo/Co-op,USD149900,1,1.0,610,NA,1948,384,Sold,NA,NA,http://www.redfin.com/VA/Arlington/5224-8th-Rd-S-22204/unit-7/home/11281675,MRIS,AR10027364,N,Y,"Sunday- Sep 24, 2017"
PAST SALE,September-18-2017,propertytype:Condo/Co-op,USD230000,2,1.0,674,NA,1953,494,Sold,NA,NA,http://www.redfin.com/VA/Arlington/2026-N-Vermont-St-22207/unit-101/home/11234926,MRIS,AR10033080,N,Y,"Monday- Sep 04, 2017"
PAST SALE,September-20-2017,propertytype:Condo/Co-op,USD625000,2,2.0,1024,NA,2005,522,Sold,NA,NA,http://www.redfin.com/VA/Arlington/1205-N-Garfield-St-22201/unit-404/home/11281041,MRIS,AR10009939,N,Y,"Friday- Sep 08, 2017"
PAST SALE,September-21-2017,propertytype:Condo/Co-op,USD690000,1,2.0,1017,NA,2007,493,Sold,NA,NA,http://www.redfin.com/VA/Arlington/1600-N-Clarendon-Blvd-22209/unit-W202/home/16898144,MRIS,AR10034596,N,Y,"Sunday- Sep 10, 2017"
PAST SALE,,propertytype:Single Family Residential,USD745000,1,2.5,1209,9375,1951,NA,,NA,NA,http://www.redfin.com/VA/Arlington/2027-N-Taylor-St-22207/home/11233684,,,N,Y,NA
PAST SALE,,propertytype:Condo/Co-op,USD370000,2,1.5,1224,NA,1983,NA,,NA,NA,http://www.redfin.com/VA/Arlington/122-N-Bedford-St-22201/unit-B/home/11255664,,,N,Y,NA
PAST SALE,September-28-2017,propertytype:Condo/Co-op,USD417000,1,1.0,650,NA,2003,351,Sold,NA,NA,http://www.redfin.com/VA/Arlington/1200-N-Hartford-St-22201/unit-610/home/11279826,MRIS,AR9999347,N,Y,"Sunday- Sep 24, 2017"
PAST SALE,September-26-2017,propertytype:Condo/Co-op,USD413500,1,1.0,699,NA,2007,320,Sold,NA,NA,http://www.redfin.com/VA/Arlington/1800-Wilson-Blvd-22201/unit-125/home/12041031,MRIS,AR9950643,N,Y,"Wednesday- Sep 20, 2017"
PAST SALE,September-26-2017,propertytype:Condo/Co-op,USD659000,1,1.0,1058,NA,1964,826,Sold,NA,NA,http://www.redfin.com/VA/Arlington/1200-N-Nash-St-22209/unit-543/home/11252101,MRIS,AR9987544,N,Y,"Wednesday- Sep 20, 2017"
PAST SALE,September-27-2017,propertytype:Condo/Co-op,USD662500,2,2.0,1230,NA,1986,781,Sold,NA,NA,http://www.redfin.com/VA/Arlington/1530-Key-Blvd-22209/unit-722/home/11250526,MRIS,AR9986950,N,Y,"Friday- Sep 22, 2017"
PAST SALE,September-27-2017,propertytype:Condo/Co-op,USD480000,2,2.0,1057,NA,1994,671,Sold,NA,NA,http://www.redfin.com/VA/Arlington/1050-N-Taylor-St-22201/unit-1-113/home/28454905,MRIS,AR10030816,N,Y,"Friday- Sep 22, 2017"
PAST SALE,September-28-2017,propertytype:Condo/Co-op,USD700000,2,2.0,1060,NA,2006,636,Sold,NA,NA,http://www.redfin.com/VA/Arlington/2001-15th-St-N-22201/unit-1210/home/12041358,MRIS,AR10033752,N,Y,"Sunday- Sep 24, 2017"
PAST SALE,September-28-2017,propertytype:Condo/Co-op,USD1100000,2,2.0,1652,NA,2007,836,Sold,NA,NA,http://www.redfin.com/VA/Arlington/1615-N-Queen-St-22209/unit-M307/home/16897699,MRIS,AR9975533,N,Y,"Sunday- Sep 24, 2017"
PAST SALE,September-28-2017,propertytype:Condo/Co-op,USD245000,1,1.0,720,NA,1964,544,Sold,NA,NA,http://www.redfin.com/VA/Arlington/2030-N-Adams-St-22201/unit-1404/home/11247039,MRIS,AR10034025,N,Y,"Sunday- Sep 24, 2017"
PAST SALE,September-28-2017,propertytype:Condo/Co-op,USD357681,2,2.0,1423,NA,1992,506,Sold,NA,NA,http://www.redfin.com/VA/Arlington/900-N-Taylor-St-22203/unit-905/home/11246525,MRIS,AR9740407,N,Y,"Sunday- Sep 24, 2017"
PAST SALE,September-29-2017,propertytype:Condo/Co-op,USD475000,2,2.0,892,NA,1994,611,Sold,NA,NA,http://www.redfin.com/VA/Arlington/1050-N-Taylor-St-22201/unit-601/home/142422543,MRIS,AR10004560,N,Y,"Tuesday- Sep 26, 2017"
PAST SALE,September-18-2017,propertytype:Condo/Co-op,USD384900,1,1.0,757,NA,2006,370,Sold,NA,NA,http://www.redfin.com/VA/Arlington/820-N-Pollard-St-22203/unit-104/home/12040865,MRIS,AR9930065,N,Y,"Monday- Sep 04, 2017"
PAST SALE,September-20-2017,propertytype:Condo/Co-op,USD290000,1,1.0,750,NA,1959,517,Sold,NA,NA,http://www.redfin.com/VA/Arlington/1210-N-Taft-St-22201/unit-510/home/11251521,MRIS,AR10029594,N,Y,"Friday- Sep 08, 2017"
PAST SALE,September-15-2017,propertytype:Condo/Co-op,USD160000,1,1.0,897,NA,1992,322,Sold,NA,NA,http://www.redfin.com/VA/Arlington/900-N-Taylor-St-22203/unit-1926/home/11246720,MRIS,AR9943223,N,Y,"Tuesday- Aug 29, 2017"
PAST SALE,September-15-2017,propertytype:Condo/Co-op,USD365000,0,1.0,637,NA,2005,280,Sold,NA,NA,http://www.redfin.com/VA/Arlington/1021-N-Garfield-St-22201/unit-506/home/11281310,MRIS,AR9993637,N,Y,"Tuesday- Aug 29, 2017"
PAST SALE,September-22-2017,propertytype:Condo/Co-op,USD319000,2,2.0,1129,NA,2005,600,Sold,NA,NA,http://www.redfin.com/VA/Arlington/4500-S-Four-Mile-Run-Dr-22204/unit-718/home/11281978,MRIS,AR9998173,N,Y,"Tuesday- Sep 12, 2017"
PAST SALE,September-22-2017,propertytype:Condo/Co-op,USD595000,2,2.0,1252,NA,2007,555,Sold,NA,NA,http://www.redfin.com/VA/Arlington/3650-S-Glebe-Rd-22202/unit-651/home/143596594,MRIS,AR10051349,N,Y,"Tuesday- Sep 12, 2017"
PAST SALE,September-27-2017,propertytype:Condo/Co-op,USD302000,1,1.0,748,NA,1983,345,Sold,NA,NA,http://www.redfin.com/VA/Arlington/2909-S-Woodley-St-22206/unit-5/home/11267503,MRIS,AR10023057,N,Y,"Friday- Sep 22, 2017"
PAST SALE,September-28-2017,propertytype:Condo/Co-op,USD250000,1,1.0,856,NA,2005,422,Sold,NA,NA,http://www.redfin.com/VA/Arlington/4500-S-Four-Mile-Run-Dr-22204/unit-527/home/11281919,MRIS,AR10035640,N,Y,"Sunday- Sep 24, 2017"
PAST SALE,September-28-2017,propertytype:Townhouse,USD505000,2,2.0,1500,NA,1940,331,Sold,NA,NA,http://www.redfin.com/VA/Arlington/4508-34th-St-S-22206/unit-1230/home/11269927,MRIS,AR10049691,N,Y,"Sunday- Sep 24, 2017"
PAST SALE,September-15-2017,propertytype:Condo/Co-op,USD233500,1,1.0,856,NA,2005,422,Sold,NA,NA,http://www.redfin.com/VA/Arlington/4500-S-Four-Mile-Run-Dr-22204/unit-522/home/11281914,MRIS,AR10002447,N,Y,"Tuesday- Aug 29, 2017"
PAST SALE,September-19-2017,propertytype:Townhouse,USD320000,2,1.0,875,NA,1950,325,Sold,NA,NA,http://www.redfin.com/VA/Arlington/4619-28th-Rd-S-22206/unit-B/home/11266934,MRIS,AR10029109,N,Y,"Wednesday- Sep 06, 2017"
PAST SALE,September-13-2017,propertytype:Condo/Co-op,USD362000,2,1.0,796,NA,1987,330,Sold,NA,NA,http://www.redfin.com/VA/Arlington/2050-N-Calvert-St-22201/unit-408/home/28547439,MRIS,AR9980383,N,Y,"Friday- Aug 25, 2017"
PAST SALE,September-15-2017,propertytype:Condo/Co-op,USD137000,1,1.0,690,NA,1947,469,Sold,NA,NA,http://www.redfin.com/VA/Arlington/5012-Columbia-Pike-22204/unit-4/home/11264992,MRIS,AR10012404,N,Y,"Tuesday- Aug 29, 2017"
PAST SALE,September-6-2017,propertytype:Condo/Co-op,USD510000,1,1.0,873,NA,2005,384,Sold,NA,NA,http://www.redfin.com/VA/Arlington/1021-N-Garfield-St-22201/unit-114/home/11281133,MRIS,AR10022941,N,Y,"Friday- Aug 11, 2017"
PAST SALE,September-7-2017,propertytype:Condo/Co-op,USD480000,1,1.0,839,NA,2005,330,Sold,NA,NA,http://www.redfin.com/VA/Arlington/1021-N-Garfield-St-22201/unit-129/home/11281142,MRIS,AR10010260,N,Y,"Sunday- Aug 13, 2017"
PAST SALE,September-5-2017,propertytype:Townhouse,USD479000,2,2.0,1500,NA,1940,340,Sold,NA,NA,http://www.redfin.com/VA/Arlington/4309-35th-St-S-22206/unit-613/home/11270388,MRIS,AR10007818,N,Y,"Wednesday- Aug 09, 2017"
PAST SALE,September-6-2017,propertytype:Condo/Co-op,USD236000,1,1.0,735,NA,1958,509,Sold,NA,NA,http://www.redfin.com/VA/Arlington/1300-S-Arlington-Ridge-Rd-22202/unit-714/home/11275475,MRIS,AR9993519,N,Y,"Friday- Aug 11, 2017"
